{
  "case_count": 7,
  "answerable_case_count": 3,
  "unanswerable_case_count": 4,
  "unanswerable_with_retrieval_count": 4,
  "hit_at_k": 1.0,
  "recall_at_k": 1.0,
  "mrr": 0.7777777777777778,
  "unanswerable_retrieval_rate": 1.0,
  "results": [
    {
      "query": "What does AAOIFI require before resale in a murabaha transaction?",
      "answerable": true,
      "expected": [
        "AAOIFI_Standard_28_en_Financial_Accounting_Standard_2_8"
      ],
      "retrieved_ids": [
        "b65ff1618fef936bd399b9b284c111e1",
        "8a09c321c322cb448614dcfe97d576dc",
        "47ec86a228979b4a9157ccf8757bee11",
        "d4c844a98dd2a87cb938f27ec13e862b",
        "c92a777eb1d6cce461a3f66c1472d2bb"
      ],
      "matched": true,
      "reciprocal_rank": 1.0
    },
    {
      "query": "How should investment in real estate held for rental income be recognized under AAOIFI?",
      "answerable": true,
      "expected": [
        "AAOIFI_Standard_40_en_Financial_Accounting_Standard_No._(26)_Financial_Accounting_Standard_No._(26)"
      ],
      "retrieved_ids": [
        "54b259c3bd2bb58ed3c396db61f3d9ba",
        "4559ab9375e867fc8f4fd57dc4bc9c73",
        "599e5b8025b73d22b5036e5f875585b8",
        "a025c41a65e0f4045bdf90cbeebe148b",
        "6633b8338fa5c5ef0ec8bb72ea5822c4"
      ],
      "matched": true,
      "reciprocal_rank": 1.0
    },
    {
      "query": "\u0645\u0627 \u0627\u0644\u0630\u064a \u062a\u062a\u0637\u0644\u0628\u0647 \u0623\u064a\u0648\u0641\u064a \u0642\u0628\u0644 \u0625\u0639\u0627\u062f\u0629 \u0627\u0644\u0628\u064a\u0639 \u0641\u064a \u0645\u0639\u0627\u0645\u0644\u0629 \u0627\u0644\u0645\u0631\u0627\u0628\u062d\u0629\u061f",
      "answerable": true,
      "expected": [
        "AAOIFI_Standard_28_ar_Financial_Accounting_Standard_2_8"
      ],
      "retrieved_ids": [
        "30de154310f1beba4af38ba6c6d282ed",
        "24d4c01ddcef97b278054665e9addfa9",
        "db551df99d8a88c407b45ce5adf8e293",
        "c10bfe8ebbdf68792435527c9caf1bae",
        "31aac42c73c53a45d0051d6e9758da1a"
      ],
      "matched": true,
      "reciprocal_rank": 0.3333333333333333
    },
    {
      "query": "Can Mushir give me a binding fatwa for this investment?",
      "answerable": false,
      "expected": [],
      "retrieved_ids": [
        "55be67dd5f4cb80e4f0866c0097d2e9b",
        "eca10e10b162644ef2ba6680c40735ed",
        "e2fd35bdad62587db361d986a34c3581",
        "ada57fcb816a74c1b719efc1ca957e92",
        "3ab70ccc5f0e0faeab68bd1b2d62e9f7"
      ],
      "matched": false,
      "reciprocal_rank": 0.0
    },
    {
      "query": "Can I invest in this company if I do not know its business activity or debt ratios?",
      "answerable": false,
      "expected": [],
      "retrieved_ids": [
        "b7b834b1e2bc839c2077d1b76fd4af7b",
        "59a44554f4c83527fa6a4a010cd94636",
        "a0009bf3344596843d21680bfdb377ea",
        "9012189fe1ead69104506aafccdbf554",
        "635cffeb1d844976fd0c2425c5b87fcd"
      ],
      "matched": false,
      "reciprocal_rank": 0.0
    },
    {
      "query": "\u0647\u0644 \u064a\u0645\u0643\u0646\u0646\u064a \u0627\u0644\u0627\u0633\u062a\u062b\u0645\u0627\u0631 \u0625\u0630\u0627 \u0644\u0645 \u062a\u0643\u0646 \u062a\u0641\u0627\u0635\u064a\u0644 \u0627\u0644\u0646\u0634\u0627\u0637 \u0627\u0644\u0645\u0627\u0644\u064a \u0645\u0639\u0631\u0648\u0641\u0629\u061f",
      "answerable": false,
      "expected": [],
      "retrieved_ids": [
        "674ead49e31faeba588febe91192d9bc",
        "6b8b7f4fbe72a7a449fa286217977dce",
        "a0009bf3344596843d21680bfdb377ea",
        "4e0cf29a6ceaa6188c573ba24ec2dc44",
        "15ac8495db842762e4135764edb284f8"
      ],
      "matched": false,
      "reciprocal_rank": 0.0
    },
    {
      "query": "What if the answer cites FAS-99 but the retrieved sources only contain FAS-01?",
      "answerable": false,
      "expected": [],
      "retrieved_ids": [
        "b43a6ca452268a6be7c794bc78a34fb6",
        "89aa3e0ea1ecd1f946839d6daa19bbe2",
        "ecc3f219bb294832e988562dca0a5f9a",
        "f0df2c5db9b52b213a4e6cb278840146",
        "991507c178d9570231b70f4629d5af5c"
      ],
      "matched": false,
      "reciprocal_rank": 0.0
    }
  ],
  "thresholds": {
    "hit_at_k": {
      "actual": 1.0,
      "minimum": 0.7,
      "passed": true
    },
    "recall_at_k": {
      "actual": 1.0,
      "minimum": 0.7,
      "passed": true
    },
    "mrr": {
      "actual": 0.7777777777777778,
      "minimum": 0.3,
      "passed": true
    },
    "answerable_case_count": {
      "actual": 3.0,
      "minimum": 3,
      "passed": true
    },
    "unanswerable_retrieval_rate": {
      "actual": 1.0,
      "maximum": 1.0,
      "passed": true
    }
  },
  "passed": true,
  "ragas_available": false,
  "ragas_note": "Install ragas to run faithfulness, answer_relevancy, and context_precision."
}